{"cameraMode":{"drawMode":0,"name":"Shaded","section":"Shading Mode"},"sceneLighting":true,"audioPlay":false,"sceneViewState":{"showFog":true,"showMaterialUpdate":false,"showSkybox":true,"showFlares":true,"showImageEffects":true,"showParticleSystems":true},"in2DMode":false,"pivot":{"x":369.6914367675781,"y":234.02635192871095,"z":-102.77667236328125},"rotation":{"x":-0.0009521430474705994,"y":0.9987744092941284,"z":-0.021286729723215104,"w":-0.04467400908470154},"size":288.8945007324219,"orthographic":false}