{"cameraMode":{"drawMode":0,"name":"Shaded","section":"Shading Mode"},"sceneLighting":false,"audioPlay":false,"sceneViewState":{"showFog":true,"showMaterialUpdate":false,"showSkybox":false,"showFlares":true,"showImageEffects":true,"showParticleSystems":true},"in2DMode":false,"pivot":{"x":649.0698852539063,"y":316.6146240234375,"z":89.53424835205078},"rotation":{"x":0.12894263863563538,"y":-0.14963661134243012,"z":0.019686158746480943,"w":0.9801004528999329},"size":272.6697998046875,"orthographic":false}