{"cameraMode":{"drawMode":0,"name":"Shaded","section":"Shading Mode"},"sceneLighting":false,"audioPlay":false,"sceneViewState":{"showFog":true,"showMaterialUpdate":false,"showSkybox":false,"showFlares":true,"showImageEffects":true,"showParticleSystems":true},"in2DMode":false,"pivot":{"x":487.48272705078127,"y":205.155517578125,"z":72.33493041992188},"rotation":{"x":0.12730573117733003,"y":0.04907144978642464,"z":-0.006306302733719349,"w":0.9906295537948608},"size":272.6697998046875,"orthographic":false}